{"Accuracy": 0.890625, "F1_No": 0.8055555555555555, "F1_Yes": 0.9239130434782609, "F1_Macro": 0.8647342995169082}