{"Exact Accuracy": 0.699468085106383, "Lenient Accuracy": 0.8816489361702128, "MRR": 0.8737807943690294}