{"Exact Accuracy": 0.5701754385964912, "Lenient Accuracy": 0.7017543859649122, "MRR": 0.6201754385964914}