{
    "epoch": 30.0,
    "eval_exact_match": 73.59198998748435,
    "eval_f1": 80.51077247933222,
    "eval_samples": 799
}