{"Exact Accuracy": 0.43564356435643564, "Lenient Accuracy": 0.5544554455445545, "MRR": 0.48300330033003297}