{"Exact Accuracy": 0.625, "Lenient Accuracy": 0.7788461538461539, "MRR": 0.6854166666666667}