{"Mean Precision": 0.3681897609883117, "Recall": 0.3720567396396528, "F-Measure": 0.37011024818741195}