{"Mean Precision": 0.3675190198819207, "Recall": 0.36958346398106423, "F-Measure": 0.36854425302680216}