{"Exact Accuracy": 0.9230769230769231, "Lenient Accuracy": 0.9615384615384616, "MRR": 0.9394230769230769}