{"Exact Accuracy": 0.625, "Lenient Accuracy": 0.7692307692307693, "MRR": 0.6796474358974359}