{"Exact Accuracy": 0.6909361069836553, "Lenient Accuracy": 0.8722139673105498, "MRR": 0.8777399204997155}