{"Exact Accuracy": 0.6790490341753344, "Lenient Accuracy": 0.8410104011887073, "MRR": 0.8812426383981151}