{"Exact Accuracy": 0.6343366778149386, "Lenient Accuracy": 0.8249721293199554, "MRR": 0.85822072072072}