{
    "epoch": 20.0,
    "eval_exact_match": 77.34668335419273,
    "eval_f1": 83.72578234464403,
    "eval_samples": 799
}