{"Accuracy": 0.9375, "F1_No": 0.8918918918918919, "F1_Yes": 0.9560439560439561, "F1_Macro": 0.9239679239679239}