{"Exact Accuracy": 0.5865384615384616, "Lenient Accuracy": 0.7980769230769231, "MRR": 0.6698717948717949}