{
    "epoch": 19.99,
    "eval_accuracy": 0.874015748500824,
    "eval_samples": 127,
    "test_accuracy": 0.9375,
    "test_samples": 128,
    "train_loss": 0.13315520584583282,
    "train_runtime": 2432.4051,
    "train_samples": 1016,
    "train_samples_per_second": 8.354,
    "train_steps_per_second": 0.518
}