{
    "epoch": 30.0,
    "eval_exact_match": 62.84658040665435,
    "eval_f1": 81.02595425668166,
    "eval_samples": 541
}