{"Exact Accuracy": 0.5961538461538461, "Lenient Accuracy": 0.7788461538461539, "MRR": 0.6685897435897435}