{"Exact Accuracy": 0.6538461538461539, "Lenient Accuracy": 0.7980769230769231, "MRR": 0.7052884615384616}