{"Exact Accuracy": 0.3684210526315789, "Lenient Accuracy": 0.5087719298245614, "MRR": 0.4216374269005848}