{"Accuracy": 0.90625, "F1_No": 0.8378378378378378, "F1_Yes": 0.9340659340659341, "F1_Macro": 0.885951885951886}