{
    "epoch": 20.0,
    "eval_exact_match": 64.3253234750462,
    "eval_f1": 83.5877212071351,
    "eval_samples": 541,
    "predict_samples": 673,
    "test_exact_match": 70.28231797919763,
    "test_f1": 84.35038387314151,
    "train_loss": 0.09082241857138733,
    "train_runtime": 13666.4068,
    "train_samples": 5871,
    "train_samples_per_second": 8.592,
    "train_steps_per_second": 2.148
}