{
    "epoch": 20.0,
    "eval_exact_match": 64.3253234750462,
    "eval_f1": 83.5877212071351,
    "eval_samples": 541
}