{"Exact Accuracy": 0.6826923076923077, "Lenient Accuracy": 0.7692307692307693, "MRR": 0.720352564102564}