{"Exact Accuracy": 0.6057692307692307, "Lenient Accuracy": 0.7980769230769231, "MRR": 0.6777243589743591}