{"Exact Accuracy": 0.5087719298245614, "Lenient Accuracy": 0.6666666666666666, "MRR": 0.5694444444444445}